Player,Nation,Age,Born,Comp,Pos,G+A-PK,xG+xAG,G-xG,np:G-xG,A-xAG,PSxG,PSxG/SoT,PSxG+/-,/90,Cmp%,Dist,SoT%,G/Sh,G/SoT,npxG/Sh,Tkl%,Succ%,Tkld%,Won%,Save%,CS%,AvgLen,Launch%,Stp%,AvgDist,MP,Starts,Min,90s,Gls_per90,Ast_per90,G+A_per90,G-PK_per90,PK_per90,CrdY_per90,CrdR_per90,xG_per90,npxG_per90,xAG_per90,npxG+xAG_per90,PrgC_per90,PrgP_per90,PrgR_per90,Sh_per90,SoT_per90,Cmp_per90,Att_per90,TotDist_per90,PrgDist_per90,xA_per90,KP_per90,1/3_per90,PPA_per90,CrsPA_per90,Live_per90,Dead_per90,TB_per90,Sw_per90,Crs_per90,TI_per90,CK_per90,In_per90,Out_per90,Str_per90,Tkl_per90,TklW_per90,Def 3rd_per90,Mid 3rd_per90,Att 3rd_per90,Pass_per90,Int_per90,Tkl+Int_per90,Clr_per90,Err_per90,SCA_per90,PassLive_per90,PassDead_per90,TO_per90,Fld_per90,Def_per90,GCA_per90,Touches_per90,Def Pen_per90,Succ_per90,Tkld_per90,Carries_per90,CPA_per90,Mis_per90,Dis_per90,Rec_per90,Fls_per90,PKwon_per90,PKcon_per90,OG_per90,Recov_per90,GA_per90,SoTA_per90,Saves_per90,PKA_per90,PKsv_per90,PKm_per90,Att (GK)_per90,Thr_per90,Opp_per90,Stp_per90,FK_per90,Won_per90,#OPA_per90,Born_year,Player_clean
Abel,es ESP,24.0,2000.0,es La Liga,DF,0.09,0.07,1.5,1.5,-1.0,,,,,72.5,22.9,33.3,0.17,0.5,0.04,61.9,51.4,37.1,54.1,,,,,,,35,20,2074,23.0,0.09,0.0,0.09,0.09,0.0,0.13,0.0,0.02,0.02,0.04,0.07,2.17,3.34,3.99,0.52,0.17,33.67,46.48,559.74,218.97,0.07,0.69,2.47,0.78,0.56,36.76,9.55,0.13,0.09,3.69,8.94,0.0,0.0,0.0,0.0,2.65,1.61,1.22,1.08,0.35,1.08,0.78,3.43,2.78,0.09,1.69,1.26,0.09,0.22,0.04,0.09,0.17,57.37,2.82,0.78,0.56,26.25,0.3,1.17,0.78,29.64,1.08,0.0,0.04,0.0,4.6,0.0,0.0,0.0,0.0,0.0,0.0,0.0,0.0,0.0,0.0,0.0,0.87,0.0,2000,abel
Alfon,es ESP,26.0,1999.0,es La Liga,"FW,MF",0.46,0.47,0.4,0.4,-0.6,,,,,69.8,17.3,41.3,0.11,0.26,0.1,33.3,39.7,49.2,17.6,,,,,,,26,14,1371,15.2,0.33,0.13,0.46,0.33,0.0,0.07,0.07,0.3,0.3,0.17,0.47,5.84,1.44,11.16,3.02,1.25,17.26,24.75,252.34,34.2,0.14,1.58,0.53,0.46,0.07,24.29,0.26,0.07,0.2,2.63,0.2,0.0,0.0,0.0,0.0,0.53,0.2,0.2,0.13,0.2,0.53,0.33,0.85,0.33,0.07,3.87,2.1,0.0,0.79,0.39,0.0,0.46,36.17,0.13,1.64,2.04,24.55,3.09,1.9,1.31,28.1,0.98,0.07,0.0,0.0,2.43,0.0,0.0,0.0,0.0,0.0,0.0,0.0,0.0,0.0,0.0,0.0,0.2,0.0,1999,alfon
Giorgio Altare,it ITA,26.0,1998.0,it Serie A,DF,0.0,0.04,-0.2,-0.2,-0.1,,,,,72.8,15.2,33.3,0.0,0.0,0.05,53.3,83.3,16.7,52.8,,,,,,,12,8,753,8.4,0.0,0.0,0.0,0.0,0.0,0.24,0.0,0.02,0.02,0.01,0.04,0.48,2.39,0.6,0.36,0.12,33.82,46.49,611.12,238.8,0.02,0.12,1.79,0.24,0.12,38.13,8.13,0.0,0.24,0.84,6.57,0.0,0.0,0.0,0.0,1.55,1.43,0.96,0.36,0.24,1.2,2.03,3.59,5.86,0.0,0.6,0.36,0.0,0.12,0.0,0.12,0.0,60.36,7.17,0.6,0.12,28.09,0.0,0.6,0.6,30.12,1.2,0.0,0.0,0.12,3.23,0.0,0.0,0.0,0.0,0.0,0.0,0.0,0.0,0.0,0.0,0.0,2.27,0.0,1998,giorgio altare
Antony,br BRA,25.0,2000.0,eng Premier League,"DF,MF",0.0,0.73,-1.0,-1.0,-0.1,,,,,81.2,15.8,50.0,0.0,0.0,0.17,40.0,36.4,54.5,0.0,,,,,,,25,15,1503,16.7,0.3,0.12,0.42,0.3,0.0,0.12,0.06,0.23,0.23,0.22,0.44,5.93,4.37,9.82,2.93,1.2,40.6,50.12,544.37,139.04,0.19,2.34,2.1,2.87,0.54,46.95,3.11,0.42,0.3,2.69,1.5,0.84,0.24,0.24,0.0,1.86,0.84,0.6,0.66,0.6,0.78,0.72,2.57,0.54,0.06,5.09,4.01,0.24,0.36,0.24,0.0,0.54,64.85,0.66,1.68,2.34,43.29,1.86,3.47,1.26,49.1,1.02,0.06,0.0,0.0,5.03,0.0,0.0,0.0,0.0,0.0,0.0,0.0,0.0,0.0,0.0,0.06,0.3,0.0,2000,antony
Adam Armstrong,eng ENG,28.0,1997.0,eng Premier League,"FW,MF",0.29,0.32,-1.3,-0.3,0.8,,,,,80.2,16.6,28.0,0.08,0.29,0.09,21.4,42.9,57.1,35.7,,,,,,,20,15,1248,13.9,0.14,0.14,0.29,0.14,0.0,0.29,0.0,0.24,0.17,0.09,0.25,1.8,1.51,5.7,1.8,0.5,16.66,20.77,239.42,32.16,0.04,0.65,0.72,0.58,0.14,19.33,1.3,0.0,0.07,1.01,0.22,0.0,0.0,0.0,0.0,0.87,0.22,0.14,0.5,0.22,0.36,0.22,1.08,0.58,0.0,1.37,0.87,0.07,0.14,0.0,0.0,0.29,27.19,0.79,0.43,0.58,16.95,0.43,0.79,1.3,20.62,0.87,0.0,0.0,0.0,1.66,0.0,0.0,0.0,0.0,0.0,0.0,0.0,0.0,0.0,0.0,0.0,0.36,0.0,1997,adam armstrong
Emil Audero,id IDN,28.0,1997.0,it Serie A,GK,0.0,0.0,0.0,0.0,0.0,12.4,0.27,-5.6,-0.7,82.6,,,,,,0.0,,,66.7,58.8,0.0,28.6,22.0,5.3,12.9,8,8,720,8.0,0.0,0.0,0.0,0.0,0.0,0.0,0.0,0.0,0.0,0.0,0.0,0.0,0.0,0.0,0.0,0.0,26.13,31.62,603.75,389.62,0.0,0.0,0.12,0.0,0.0,27.12,4.5,0.0,0.0,0.0,0.0,0.0,0.0,0.0,0.0,0.0,0.0,0.0,0.0,0.0,0.0,0.0,0.0,0.5,0.12,0.0,0.0,0.0,0.0,0.0,0.0,0.0,33.62,27.37,0.0,0.0,22.12,0.0,0.0,0.0,20.25,0.0,0.0,0.0,0.0,1.5,2.25,4.25,2.0,0.5,0.0,0.0,29.0,3.75,11.88,0.62,0.0,0.25,1.0,1997,emil audero
Ezequiel Ávila,ar ARG,31.0,1994.0,es La Liga,FW,0.27,0.34,0.5,0.5,-1.0,,,,,69.7,17.9,50.0,0.1,0.2,0.08,40.0,45.5,45.5,42.9,,,,,,,19,6,677,7.5,0.27,0.0,0.27,0.27,0.0,0.66,0.13,0.2,0.2,0.13,0.33,1.6,2.39,6.38,2.66,1.33,22.07,31.64,367.18,81.62,0.13,1.99,0.13,1.46,0.8,28.58,2.79,0.0,0.27,3.86,1.33,0.27,0.13,0.13,0.0,1.06,0.4,0.27,0.27,0.53,0.53,0.27,1.33,1.06,0.0,4.12,3.19,0.0,0.13,0.53,0.0,0.4,42.94,0.93,0.66,0.66,23.0,0.53,3.06,0.93,28.71,1.73,0.0,0.0,0.0,3.72,0.0,0.0,0.0,0.0,0.0,0.0,0.0,0.0,0.0,0.0,0.0,0.8,0.0,1994,ezequiel avila
Juma Bah,sl SLE,19.0,2006.0,es La Liga,DF,0.0,0.03,-0.3,-0.3,0.0,,,,,81.1,9.1,33.3,0.0,0.0,0.09,60.0,75.0,25.0,70.5,,,,,,,22,18,1550,17.2,0.0,0.0,0.0,0.0,0.0,0.17,0.0,0.02,0.02,0.01,0.03,0.17,1.28,0.12,0.29,0.12,39.66,45.58,718.37,228.54,0.01,0.17,1.28,0.0,0.0,43.61,1.74,0.0,0.12,0.0,0.0,0.0,0.0,0.0,0.0,1.51,0.99,0.75,0.75,0.0,0.58,1.68,3.19,6.21,0.06,0.52,0.46,0.0,0.06,0.0,0.0,0.0,58.24,9.64,0.35,0.06,30.77,0.0,0.41,0.46,34.55,0.75,0.0,0.0,0.0,4.18,0.0,0.0,0.0,0.0,0.0,0.0,0.0,0.0,0.0,0.0,0.0,3.14,0.0,2006,juma bah
Mitchel Bakker,nl NED,24.0,2000.0,it Serie A,MF,0.0,0.0,0.0,0.0,0.0,,,,,77.8,,,,,,100.0,,,50.0,,,,,,,25,14,1161,12.899999999999999,0.23,0.16,0.39,0.23,0.0,0.23,0.08,0.23,0.23,0.21,0.43,3.33,4.5,9.38,1.78,0.78,39.22,50.39,646.28,206.51,0.18,1.78,3.33,2.09,0.85,45.58,4.73,0.16,0.08,5.35,2.33,1.78,0.62,0.93,0.0,1.86,1.01,0.54,0.85,0.47,0.7,0.93,2.79,1.16,0.0,3.1,2.17,0.62,0.16,0.08,0.0,0.31,59.53,0.93,0.85,0.7,34.5,0.54,1.4,0.85,42.95,1.47,0.0,0.0,0.0,3.72,0.0,0.0,0.0,0.0,0.0,0.0,0.0,0.0,0.0,0.0,0.39,0.31,0.0,2000,mitchel bakker
Jonathan Bamba,ci CIV,29.0,1996.0,es La Liga,"FW,MF",0.11,0.29,-0.8,-0.8,-0.8,,,,,78.8,18.4,46.2,0.0,0.0,0.06,41.7,39.5,50.0,33.3,,,,,,,12,10,811,9.0,0.0,0.11,0.11,0.0,0.0,0.11,0.0,0.09,0.09,0.2,0.29,3.44,3.33,7.88,1.44,0.67,31.85,40.39,445.56,115.52,0.18,1.33,2.22,1.44,0.67,38.51,1.55,0.33,0.11,2.77,1.22,0.11,0.0,0.0,0.0,1.33,0.78,0.44,0.67,0.22,0.67,0.55,1.89,0.67,0.0,3.11,2.66,0.0,0.22,0.0,0.0,0.44,51.94,0.78,1.66,2.11,34.07,0.89,2.22,1.44,38.95,0.78,0.0,0.0,0.0,5.77,0.0,0.0,0.0,0.0,0.0,0.0,0.0,0.0,0.0,0.0,0.0,0.55,0.0,1996,jonathan bamba
Valentín Barco,ar ARG,20.0,2004.0,es La Liga,"DF,FW",0.0,0.28,-0.3,-0.3,-0.6,,,,,72.8,27.8,0.0,0.0,,0.04,80.0,23.1,69.2,0.0,,,,,,,21,17,1445,16.1,0.0,0.12,0.12,0.0,0.0,0.12,0.0,0.05,0.05,0.13,0.18,1.49,4.8,4.24,1.06,0.06,48.77,60.29,766.9,221.79,0.11,0.87,4.11,0.75,0.12,52.88,7.22,0.25,0.37,3.43,4.86,0.69,0.06,0.31,0.0,3.18,1.93,1.99,0.81,0.37,0.31,0.93,4.11,2.06,0.06,1.87,1.37,0.25,0.06,0.06,0.0,0.37,72.5,3.24,0.75,1.18,39.67,0.12,1.74,0.87,48.21,1.49,0.0,0.06,0.0,5.92,0.0,0.0,0.0,0.0,0.0,0.0,0.0,0.0,0.0,0.0,0.19,0.44,0.0,2004,valentin barco
Ismaël Bennacer,dz ALG,27.0,1997.0,it Serie A,MF,0.0,0.07,-0.1,-0.1,-0.1,,,,,89.1,31.1,66.7,0.0,0.0,0.03,14.3,90.0,10.0,75.0,,,,,,,18,12,946,10.5,0.0,0.19,0.19,0.0,0.0,0.38,0.0,0.02,0.02,0.18,0.2,2.09,9.04,1.9,0.57,0.19,88.86,98.09,1430.01,385.88,0.17,1.62,9.99,1.62,0.29,92.76,4.95,0.29,0.57,3.23,0.19,2.38,1.33,0.95,0.0,2.47,1.33,0.86,1.43,0.19,0.76,1.24,3.71,0.29,0.1,3.52,2.47,0.57,0.29,0.0,0.1,0.48,106.46,1.33,1.52,0.48,67.36,0.1,0.95,1.62,87.62,2.28,0.0,0.0,0.0,6.37,0.0,0.0,0.0,0.0,0.0,0.0,0.0,0.0,0.0,0.0,0.0,0.48,0.0,1997,ismael bennacer
Jaka Bijol,si SVN,26.0,1999.0,it Serie A,DF,0.03,0.08,-1.0,-1.0,-0.6,,,,,83.6,11.8,31.6,0.05,0.17,0.1,52.5,66.7,33.3,67.7,,,,,,,34,34,2963,32.9,0.03,0.0,0.03,0.03,0.0,0.39,0.03,0.06,0.06,0.02,0.08,0.67,2.98,0.3,0.58,0.18,43.5,52.0,925.06,323.95,0.02,0.36,3.31,0.24,0.06,49.91,1.97,0.06,0.36,0.09,0.12,0.0,0.0,0.0,0.0,1.31,0.76,0.97,0.3,0.03,0.61,1.15,2.46,5.53,0.03,0.91,0.79,0.03,0.0,0.0,0.0,0.03,63.27,8.02,0.06,0.03,36.81,0.03,0.52,0.06,40.7,1.49,0.0,0.03,0.03,3.07,0.0,0.0,0.0,0.0,0.0,0.0,0.0,0.0,0.0,0.0,0.0,3.31,0.0,1999,jaka bijol
Mathieu Cafaro,fr FRA,28.0,1997.0,fr Ligue 1,"MF,FW",0.12,0.34,-0.5,-0.5,-1.3,,,,,72.0,20.3,43.5,0.04,0.1,0.06,26.7,41.2,52.9,42.9,,,,,,,15,9,732,8.1,0.12,0.0,0.12,0.12,0.0,0.37,0.12,0.18,0.18,0.16,0.34,2.34,1.97,6.27,2.83,1.23,21.15,29.39,339.34,92.21,0.16,1.6,1.48,1.11,0.49,25.82,3.57,0.25,0.12,3.32,0.74,2.09,0.61,0.98,0.0,1.23,0.86,0.49,0.49,0.25,0.74,0.86,2.09,0.37,0.0,3.07,2.09,0.61,0.12,0.12,0.0,0.25,39.84,0.61,0.86,1.11,20.78,0.86,1.97,1.23,27.66,1.35,0.0,0.12,0.0,3.69,0.0,0.0,0.0,0.0,0.0,0.0,0.0,0.0,0.0,0.0,0.25,0.37,0.0,1997,mathieu cafaro
Antonio Candela,it ITA,25.0,2000.0,it Serie A,DF,0.09,0.11,-0.3,-0.3,0.2,,,,,74.2,19.1,0.0,0.0,,0.07,69.2,50.0,41.7,51.9,,,,,,,26,24,1914,21.299999999999997,0.0,0.05,0.05,0.0,0.0,0.14,0.0,0.01,0.01,0.08,0.1,1.32,2.3,2.54,0.28,0.0,30.14,39.78,498.15,183.81,0.06,0.71,2.02,0.56,0.56,33.76,5.88,0.05,0.14,1.97,5.31,0.0,0.0,0.0,0.0,1.88,1.27,0.89,0.61,0.38,0.33,0.66,2.54,2.59,0.09,1.18,0.94,0.09,0.05,0.0,0.09,0.05,48.57,3.62,0.56,0.66,24.03,0.14,1.18,0.71,29.01,0.89,0.0,0.09,0.05,2.87,0.0,0.0,0.0,0.0,0.0,0.0,0.0,0.0,0.0,0.0,0.0,0.8,0.0,2000,antonio candela
Irvin Cardona,fr FRA,27.0,1997.0,es La Liga,"FW,MF",0.3,0.25,-0.1,-0.1,0.4,,,,,62.1,17.3,30.0,0.1,0.33,0.11,37.5,23.1,61.5,42.1,,,,,,,31,18,1669,18.5,0.32,0.22,0.54,0.32,0.0,0.16,0.0,0.3,0.26,0.11,0.36,2.37,2.53,9.6,1.78,0.7,19.14,29.23,266.76,69.29,0.15,1.29,1.08,1.46,0.38,28.2,0.75,0.22,0.11,2.43,0.49,0.0,0.0,0.0,0.0,0.75,0.54,0.27,0.38,0.11,0.92,0.43,1.19,0.86,0.11,2.43,1.94,0.05,0.05,0.05,0.0,0.32,40.07,0.97,0.49,1.19,21.41,0.86,3.24,0.86,30.31,1.08,0.0,0.0,0.0,2.43,0.0,0.0,0.0,0.0,0.0,0.0,0.0,0.0,0.0,0.0,0.05,0.97,0.0,1997,irvin cardona
Diego Carlos,br BRA,32.0,1993.0,eng Premier League,DF,0.0,0.07,-0.6,-0.6,0.0,,,,,88.6,6.7,25.0,0.0,0.0,0.16,66.7,100.0,0.0,52.4,,,,,,,10,8,830,9.2,0.0,0.0,0.0,0.0,0.0,0.11,0.0,0.07,0.07,0.0,0.07,0.33,3.69,0.0,0.43,0.11,57.9,65.39,1186.37,444.9,0.01,0.0,2.49,0.11,0.0,62.35,2.71,0.0,0.65,0.0,0.0,0.0,0.0,0.0,0.0,0.87,0.33,0.65,0.11,0.11,0.65,0.54,1.41,3.9,0.22,0.43,0.33,0.0,0.0,0.0,0.0,0.0,73.08,9.33,0.22,0.0,45.43,0.0,0.11,0.22,52.16,1.19,0.0,0.0,0.0,3.9,0.0,0.0,0.0,0.0,0.0,0.0,0.0,0.0,0.0,0.0,0.0,1.19,0.0,1993,diego carlos
Carmona,es ESP,23.0,2002.0,es La Liga,DF,0.0,0.07,-0.5,-0.5,-1.9,,,,,80.5,24.7,21.1,0.0,0.0,0.03,52.6,38.0,50.0,62.3,,,,,,,35,35,2942,32.7,0.0,0.0,0.0,0.0,0.0,0.34,0.0,0.02,0.02,0.06,0.07,1.38,3.33,1.74,0.58,0.12,44.3,55.0,719.63,268.87,0.03,0.58,3.03,0.43,0.18,43.81,11.04,0.03,0.43,1.25,9.58,0.0,0.0,0.0,0.0,2.54,1.8,1.62,0.64,0.28,0.8,2.08,4.62,2.85,0.09,1.65,1.16,0.18,0.09,0.09,0.06,0.03,67.09,3.43,0.58,0.76,27.35,0.24,1.13,0.55,34.81,1.5,0.0,0.0,0.0,5.02,0.0,0.0,0.0,0.0,0.0,0.0,0.0,0.0,0.0,0.0,0.0,1.01,0.0,2002,carmona
Catena,es ESP,30.0,1994.0,es La Liga,DF,0.12,0.13,-1.2,-1.2,0.7,,,,,83.8,10.9,25.0,0.05,0.2,0.11,61.4,72.7,18.2,65.7,,,,,,,35,35,3074,34.2,0.03,0.09,0.12,0.03,0.0,0.32,0.0,0.06,0.06,0.07,0.13,0.26,2.61,0.12,0.59,0.15,37.3,44.53,812.4,322.73,0.06,0.29,1.99,0.15,0.03,41.05,3.28,0.03,0.53,0.06,0.06,0.0,0.0,0.0,0.0,1.35,0.82,1.0,0.29,0.06,0.44,1.02,2.37,6.47,0.06,0.85,0.67,0.09,0.0,0.06,0.0,0.18,55.77,8.4,0.23,0.06,28.81,0.0,0.32,0.03,32.23,1.05,0.03,0.03,0.0,3.16,0.0,0.0,0.0,0.0,0.0,0.0,0.0,0.0,0.0,0.0,0.0,1.96,0.0,1994,catena
Walid Cheddira,ma MAR,27.0,1998.0,it Serie A,FW,0.0,0.2,0.0,0.0,0.0,,,,,66.7,,,,,,,,,0.0,,,,,,,23,5,652,7.199999999999999,0.14,0.14,0.28,0.14,0.0,0.41,0.0,0.14,0.14,0.17,0.3,1.1,1.79,4.83,1.79,0.55,10.35,14.63,142.04,36.17,0.07,0.97,0.55,0.14,0.0,13.39,1.24,0.0,0.0,0.28,0.0,0.0,0.0,0.0,0.0,0.69,0.0,0.14,0.14,0.41,0.55,0.14,0.83,0.83,0.0,2.9,1.52,0.0,0.28,0.55,0.0,0.69,28.44,0.69,0.55,1.93,15.05,1.1,3.45,1.24,19.74,4.14,0.14,0.0,0.0,2.62,0.0,0.0,0.0,0.0,0.0,0.0,0.0,0.0,0.0,0.0,0.0,2.07,0.0,1998,walid cheddira
Juan Cruz Armada,es ESP,32.0,1992.0,es La Liga,DF,0.0,0.01,-0.1,-0.1,0.0,,,,,78.0,16.3,0.0,0.0,,0.03,62.5,25.0,50.0,47.4,,,,,,,25,19,1492,16.6,0.0,0.0,0.0,0.0,0.0,0.24,0.0,0.01,0.01,0.0,0.01,0.54,3.2,0.72,0.24,0.0,31.67,40.6,513.88,239.24,0.01,0.12,3.26,0.12,0.0,30.58,9.95,0.0,0.12,0.66,8.69,0.0,0.0,0.0,0.0,1.57,0.84,0.66,0.78,0.12,0.66,0.54,2.11,4.1,0.0,0.84,0.6,0.18,0.0,0.0,0.0,0.06,49.4,5.01,0.06,0.12,20.33,0.12,0.6,0.18,23.59,0.97,0.0,0.06,0.0,2.77,0.0,0.0,0.0,0.0,0.0,0.0,0.0,0.0,0.0,0.0,0.0,0.54,0.0,1992,juan cruz armada
Cucho,co COL,26.0,1999.0,es La Liga,FW,0.47,0.42,1.2,1.2,-0.5,,,,,71.9,15.9,25.6,0.12,0.45,0.09,54.5,65.4,34.6,45.3,,,,,,,15,14,1139,12.7,0.4,0.08,0.47,0.4,0.0,0.0,0.0,0.3,0.3,0.12,0.42,2.13,2.69,6.48,3.4,0.87,17.62,24.5,260.91,68.51,0.06,1.11,1.58,0.79,0.08,22.2,2.21,0.08,0.4,0.95,0.08,0.0,0.0,0.0,0.0,1.19,0.79,0.16,0.4,0.63,0.95,0.55,1.74,0.32,0.0,3.63,2.53,0.0,0.4,0.24,0.08,0.63,36.9,0.4,1.34,0.71,19.75,1.11,3.63,1.11,25.13,0.79,0.08,0.0,0.0,2.21,0.0,0.0,0.0,0.0,0.0,0.0,0.0,0.0,0.0,0.0,0.0,2.29,0.0,1999,cucho
Diego,es ESP,25.0,2000.0,es La Liga,FW,0.23,0.3,-0.8,-0.8,-0.2,,,,,63.0,14.1,31.0,0.1,0.33,0.13,14.3,40.0,60.0,34.1,,,,,,,28,13,1195,13.3,0.23,0.0,0.23,0.23,0.0,0.15,0.0,0.29,0.29,0.02,0.3,0.68,1.21,3.69,2.18,0.68,9.11,14.46,126.45,24.25,0.02,0.45,0.6,0.23,0.08,13.26,0.98,0.0,0.08,0.38,0.08,0.0,0.0,0.0,0.0,0.08,0.08,0.0,0.0,0.08,0.23,0.15,0.23,0.83,0.0,0.9,0.53,0.0,0.0,0.23,0.0,0.08,24.25,0.83,0.3,0.45,14.46,0.38,3.39,0.9,18.53,1.66,0.08,0.0,0.0,1.88,0.0,0.0,0.0,0.0,0.0,0.0,0.0,0.0,0.0,0.0,0.0,3.24,0.0,2000,diego
Jáder Durán,co COL,21.0,2003.0,eng Premier League,FW,0.99,0.71,2.1,2.1,-0.2,,,,,70.6,15.6,48.4,0.23,0.47,0.16,25.0,21.4,64.3,50.0,,,,,,,20,4,638,7.1,0.99,0.0,0.99,0.99,0.0,0.42,0.14,0.69,0.69,0.03,0.72,0.99,1.83,6.21,4.37,2.12,16.22,22.99,219.78,43.31,0.04,0.56,1.41,0.14,0.0,21.87,0.99,0.28,0.0,0.42,0.0,0.0,0.0,0.0,0.0,1.13,0.99,0.14,0.28,0.71,0.71,0.0,1.13,1.83,0.0,2.54,1.27,0.0,0.0,0.42,0.28,0.14,37.1,1.83,0.42,1.27,18.76,0.28,2.26,2.12,27.08,1.97,0.0,0.0,0.0,2.68,0.0,0.0,0.0,0.0,0.0,0.0,0.0,0.0,0.0,0.0,0.0,2.68,0.0,2003,jader duran
João Félix,pt POR,25.0,1999.0,eng Premier League,"FW,MF",0.49,0.78,-1.2,-1.2,0.0,,,,,85.9,15.9,25.0,0.05,0.2,0.11,55.6,32.3,45.2,44.4,,,,,,,27,11,1129,12.5,0.24,0.08,0.32,0.24,0.0,0.4,0.0,0.39,0.39,0.18,0.56,3.27,5.26,6.86,3.91,1.04,33.24,39.86,498.31,142.45,0.14,1.28,4.22,1.51,0.0,37.87,1.67,0.4,0.24,0.4,0.72,0.08,0.0,0.0,0.0,1.12,0.72,0.4,0.56,0.16,0.32,0.32,1.43,0.88,0.0,4.22,2.95,0.08,0.4,0.32,0.0,0.72,54.21,0.8,1.99,2.31,37.31,1.36,1.75,1.04,43.6,1.43,0.0,0.0,0.0,4.15,0.0,0.0,0.0,0.0,0.0,0.0,0.0,0.0,0.0,0.0,0.08,0.88,0.0,1999,joao felix
Przemysław Frankowski,pl POL,30.0,1995.0,fr Ligue 1,DF,0.26,0.31,1.7,1.3,-0.5,,,,,80.1,21.9,35.7,0.14,0.4,0.05,63.3,37.5,56.3,57.1,,,,,,,18,16,1387,15.4,0.26,0.13,0.39,0.13,0.13,0.19,0.0,0.15,0.05,0.16,0.21,2.14,7.59,6.16,0.91,0.32,56.78,70.86,875.28,354.68,0.19,1.3,5.84,2.34,0.65,60.35,10.12,0.26,0.13,5.06,8.57,0.84,0.26,0.58,0.0,2.08,1.36,1.1,0.65,0.32,0.52,1.23,3.31,1.82,0.0,2.98,2.47,0.39,0.0,0.06,0.0,0.32,79.81,2.73,0.39,0.58,41.33,0.13,1.04,0.52,51.91,1.17,0.0,0.0,0.0,3.96,0.0,0.0,0.0,0.0,0.0,0.0,0.0,0.0,0.0,0.0,0.06,0.52,0.0,1995,przemysław frankowski
Valentin Gendrey,fr FRA,24.0,2000.0,it Serie A,DF,0.0,0.14,-0.2,-0.2,-0.1,,,,,76.4,12.2,0.0,0.0,,0.09,100.0,,,25.0,,,,,,,24,16,1594,17.7,0.06,0.06,0.11,0.06,0.0,0.06,0.0,0.07,0.07,0.11,0.18,1.75,3.05,5.08,0.68,0.28,29.59,42.06,491.33,230.98,0.16,1.02,2.37,0.96,0.62,31.39,10.45,0.0,0.11,3.05,10.05,0.0,0.0,0.0,0.0,1.81,0.79,1.13,0.51,0.17,0.9,0.96,2.77,3.05,0.0,2.26,1.64,0.34,0.06,0.11,0.0,0.23,53.24,3.61,0.17,0.45,22.3,0.4,1.41,0.62,26.2,0.73,0.0,0.0,0.0,3.11,0.0,0.0,0.0,0.0,0.0,0.0,0.0,0.0,0.0,0.0,0.0,1.52,0.0,2000,valentin gendrey
Billy Gilmour,sct SCO,23.0,2001.0,eng Premier League,MF,0.0,0.07,-0.1,-0.1,0.0,,,,,86.6,25.5,0.0,0.0,,0.08,75.0,50.0,50.0,,,,,,,,28,14,1275,14.2,0.0,0.07,0.07,0.0,0.0,0.0,0.0,0.04,0.04,0.13,0.17,0.92,5.51,1.41,0.71,0.07,60.85,68.82,1069.84,291.53,0.13,1.48,5.44,0.99,0.14,66.56,2.26,0.28,0.35,1.34,0.14,0.78,0.56,0.21,0.0,1.91,1.34,0.85,0.71,0.35,0.42,0.64,2.54,1.69,0.0,3.04,2.26,0.42,0.07,0.14,0.0,0.28,76.16,3.18,0.42,0.35,41.22,0.0,0.78,0.35,59.29,1.13,0.0,0.0,0.0,4.87,0.0,0.0,0.0,0.0,0.0,0.0,0.0,0.0,0.0,0.0,0.07,0.64,0.0,2001,billy gilmour
Toti Gomes,pt POR,26.0,1999.0,eng Premier League,DF,0.03,0.06,-0.7,-0.7,0.1,,,,,85.9,11.6,28.6,0.0,0.0,0.1,80.4,62.5,28.1,67.1,,,,,,,31,30,2614,29.0,0.0,0.03,0.03,0.0,0.0,0.24,0.0,0.02,0.02,0.03,0.06,0.93,2.89,0.62,0.24,0.07,50.65,58.98,842.43,296.06,0.02,0.31,2.96,0.21,0.1,55.71,3.24,0.0,0.1,0.45,1.21,0.0,0.0,0.0,0.0,2.1,1.48,1.45,0.52,0.14,0.41,0.86,2.96,5.23,0.17,0.72,0.69,0.0,0.0,0.0,0.0,0.03,69.76,7.47,0.69,0.31,41.49,0.0,0.65,0.52,47.79,0.83,0.0,0.03,0.0,3.96,0.0,0.0,0.0,0.0,0.0,0.0,0.0,0.0,0.0,0.0,0.0,1.82,0.0,1999,toti gomes
Jofre,es ESP,23.0,2001.0,es La Liga,"MF,FW",0.25,0.21,0.5,0.5,0.5,,,,,67.0,19.5,25.0,0.08,0.3,0.06,56.5,34.8,52.7,22.7,,,,,,,37,26,2165,24.1,0.12,0.12,0.25,0.12,0.0,0.21,0.0,0.1,0.1,0.1,0.21,2.7,2.0,6.48,1.66,0.42,14.63,21.82,222.48,59.07,0.08,1.0,0.71,0.62,0.37,21.12,0.58,0.08,0.08,2.24,0.46,0.08,0.0,0.08,0.0,0.91,0.67,0.58,0.21,0.12,0.54,0.62,1.54,1.21,0.0,2.33,1.58,0.0,0.25,0.29,0.0,0.21,34.88,0.96,1.62,2.45,22.24,1.12,2.66,1.66,23.94,1.16,0.0,0.0,0.0,4.36,0.0,0.0,0.0,0.0,0.0,0.0,0.0,0.0,0.0,0.0,0.0,0.21,0.0,2001,jofre
Glen Kamara,fi FIN,29.0,1995.0,fr Ligue 1,MF,0.14,0.05,-0.2,-0.2,0.8,,,,,90.3,16.2,0.0,0.0,,0.17,64.7,50.0,50.0,25.0,,,,,,,13,8,662,7.4,0.0,0.14,0.14,0.0,0.0,0.0,0.0,0.03,0.03,0.03,0.04,0.68,4.62,2.99,0.14,0.0,50.57,56.01,747.73,199.03,0.1,0.68,4.62,1.09,0.0,54.38,1.36,0.14,0.0,0.0,0.14,0.0,0.0,0.0,0.0,3.13,1.5,1.36,1.5,0.27,0.95,0.95,4.08,0.95,0.0,2.72,2.58,0.0,0.0,0.0,0.14,0.27,64.71,1.5,0.54,0.54,36.44,0.0,0.95,0.82,47.58,0.95,0.0,0.0,0.0,5.71,0.0,0.0,0.0,0.0,0.0,0.0,0.0,0.0,0.0,0.0,0.0,0.27,0.0,1995,glen kamara
Lloyd Kelly,eng ENG,26.0,1998.0,eng Premier League,DF,0.3,0.26,-0.4,-0.4,0.5,,,,,80.7,7.3,0.0,0.0,,0.14,100.0,66.7,33.3,75.0,,,,,,,22,15,1316,14.700000000000001,0.0,0.07,0.07,0.0,0.0,0.21,0.0,0.05,0.05,0.04,0.1,0.68,3.08,2.12,0.68,0.07,48.15,58.34,807.88,257.69,0.03,0.34,4.1,0.21,0.07,53.62,4.72,0.07,0.14,1.03,2.12,0.0,0.0,0.0,0.0,1.44,1.03,0.62,0.75,0.07,0.41,0.21,1.64,4.99,0.21,0.96,0.82,0.07,0.0,0.0,0.0,0.07,69.07,8.0,0.14,0.14,37.75,0.0,0.82,0.34,44.32,1.3,0.0,0.0,0.0,5.06,0.0,0.0,0.0,0.0,0.0,0.0,0.0,0.0,0.0,0.0,0.0,2.87,0.0,1998,lloyd kelly
Kiké,es ESP,35.0,1989.0,es La Liga,FW,0.35,0.37,3.4,2.8,-0.9,,,,,65.3,15.4,40.0,0.17,0.42,0.12,35.3,37.1,57.1,52.4,,,,,,,35,29,2542,28.2,0.46,0.0,0.46,0.35,0.11,0.18,0.04,0.34,0.25,0.03,0.29,0.89,1.77,5.59,2.12,0.85,13.6,20.82,186.9,32.4,0.06,0.46,1.06,0.21,0.04,20.22,0.5,0.14,0.21,0.46,0.04,0.0,0.0,0.0,0.0,0.67,0.5,0.04,0.42,0.21,0.25,0.04,0.71,0.81,0.0,1.35,1.06,0.0,0.0,0.21,0.0,0.14,31.65,0.85,0.46,0.71,19.4,0.35,3.47,1.49,25.46,1.73,0.04,0.0,0.0,3.19,0.0,0.0,0.0,0.0,0.0,0.0,0.0,0.0,0.0,0.0,0.0,3.89,0.0,1989,kike
Magnus Kofod Andersen,dk DEN,26.0,1999.0,it Serie A,MF,0.26,0.1,0.7,0.7,0.5,,,,,79.9,25.0,25.0,0.13,0.5,0.03,40.0,50.0,25.0,53.3,,,,,,,14,7,695,7.7,0.13,0.13,0.26,0.13,0.0,0.13,0.0,0.04,0.04,0.06,0.09,0.91,3.11,2.33,1.04,0.26,31.99,40.01,516.17,134.42,0.08,1.17,2.33,0.39,0.0,36.91,2.98,0.0,0.13,2.07,0.39,1.17,0.26,0.91,0.0,1.68,0.52,0.39,1.17,0.13,0.65,0.78,2.46,1.55,0.0,2.59,1.68,0.65,0.0,0.13,0.0,0.39,47.91,1.81,0.26,0.13,29.78,0.0,1.04,0.78,30.82,0.91,0.0,0.0,0.0,4.01,0.0,0.0,0.0,0.0,0.0,0.0,0.0,0.0,0.0,0.0,0.0,1.04,0.0,1999,magnus kofod andersen
Koka,eg EGY,32.0,1993.0,fr Ligue 1,FW,0.32,0.59,-1.9,-2.2,0.4,,,,,78.1,13.4,40.0,0.1,0.25,0.21,0.0,50.0,50.0,48.8,,,,,,,16,10,851,9.5,0.32,0.11,0.42,0.21,0.11,0.21,0.0,0.52,0.44,0.06,0.51,0.0,1.27,2.12,2.12,0.85,13.96,17.87,219.98,30.88,0.07,0.53,0.85,0.21,0.0,16.18,1.69,0.0,0.85,0.0,0.11,0.0,0.0,0.0,0.0,0.42,0.11,0.11,0.32,0.0,0.32,0.42,0.85,0.63,0.11,1.16,0.85,0.0,0.0,0.0,0.11,0.32,24.54,0.63,0.63,0.63,12.06,0.0,0.63,1.27,16.82,1.48,0.0,0.0,0.0,2.54,0.0,0.0,0.0,0.0,0.0,0.0,0.0,0.0,0.0,0.0,0.0,2.12,0.0,1993,koka
Khvicha Kvaratskhelia,ge GEO,24.0,2001.0,it Serie A,"FW,MF",0.53,0.6,0.9,0.6,-0.7,,,,,76.4,19.4,32.7,0.08,0.25,0.07,26.7,26.4,58.3,44.4,,,,,,,31,26,2094,23.299999999999997,0.39,0.26,0.64,0.34,0.04,0.04,0.0,0.32,0.29,0.37,0.65,5.33,4.3,9.46,3.57,1.33,35.24,43.32,540.26,139.64,0.29,2.28,2.71,1.85,0.34,39.03,4.04,0.52,0.34,3.61,0.69,2.45,1.12,0.73,0.0,1.46,0.95,0.34,0.95,0.17,0.86,0.26,1.72,0.47,0.0,5.03,3.4,0.56,0.47,0.26,0.13,0.6,57.03,0.26,1.89,2.88,36.49,2.79,1.89,1.98,44.1,1.03,0.0,0.0,0.0,3.09,0.0,0.0,0.0,0.0,0.0,0.0,0.0,0.0,0.0,0.0,0.21,0.3,0.0,2001,khvicha kvaratskhelia
Mario Lemina,ga GAB,31.0,1993.0,eng Premier League,"MF,DF",0.26,0.17,-0.4,-0.4,1.9,,,,,80.4,21.9,27.8,0.06,0.2,0.08,69.0,62.5,25.0,61.0,,,,,,,17,15,1364,15.2,0.07,0.2,0.26,0.07,0.0,0.26,0.0,0.09,0.09,0.07,0.16,0.53,3.17,1.39,1.19,0.33,32.53,40.45,625.45,195.7,0.08,0.66,2.84,0.86,0.26,38.4,1.72,0.4,0.26,0.66,0.59,0.0,0.0,0.0,0.0,3.37,2.05,1.78,1.25,0.33,0.33,1.78,5.15,3.3,0.2,1.72,1.39,0.0,0.13,0.0,0.07,0.33,53.38,6.07,0.66,0.26,25.21,0.13,1.39,0.73,31.8,1.12,0.0,0.07,0.0,4.82,0.0,0.0,0.0,0.0,0.0,0.0,0.0,0.0,0.0,0.0,0.0,1.65,0.0,1993,mario lemina
Giangiacomo Magnani,it ITA,29.0,1995.0,it Serie A,DF,0.08,0.1,-0.1,-0.1,0.0,,,,,80.7,10.7,18.2,0.09,0.5,0.1,100.0,25.0,75.0,61.7,,,,,,,17,11,1065,11.8,0.08,0.0,0.08,0.08,0.0,0.17,0.0,0.09,0.09,0.0,0.1,0.34,2.62,0.59,0.93,0.17,26.79,33.21,536.45,191.75,0.01,0.08,1.86,0.0,0.0,31.52,1.61,0.0,0.17,0.17,0.42,0.0,0.0,0.0,0.0,1.69,1.27,1.18,0.51,0.0,0.59,1.44,3.13,6.17,0.08,0.34,0.17,0.08,0.0,0.0,0.0,0.0,45.63,6.93,0.08,0.25,21.21,0.0,0.34,0.08,23.15,0.68,0.0,0.0,0.0,3.21,0.0,0.0,0.0,0.0,0.0,0.0,0.0,0.0,0.0,0.0,0.0,2.45,0.0,1995,giangiacomo magnani
Scott McTominay,sct SCO,28.0,1996.0,eng Premier League,MF,0.0,0.33,-0.1,-0.1,0.0,,,,,100.0,10.7,0.0,0.0,,0.07,0.0,0.0,100.0,100.0,,,,,,,36,33,2957,32.800000000000004,0.37,0.12,0.49,0.37,0.0,0.09,0.0,0.23,0.23,0.08,0.31,1.7,3.44,4.05,2.34,1.0,23.95,28.43,389.92,92.19,0.05,0.79,2.25,0.67,0.03,27.91,0.46,0.27,0.24,0.33,0.15,0.0,0.0,0.0,0.0,1.31,0.76,0.37,0.82,0.12,0.52,0.73,2.04,1.58,0.0,2.13,1.37,0.0,0.09,0.15,0.06,0.3,40.42,1.61,1.19,1.1,22.4,0.46,2.1,1.49,29.01,1.37,0.03,0.0,0.0,4.38,0.0,0.0,0.0,0.0,0.0,0.0,0.0,0.0,0.0,0.0,0.06,2.04,0.0,1996,scott mctominay
Miguel,es ESP,25.0,1999.0,es La Liga,FW,0.16,0.33,-3.9,-3.3,1.6,,,,,58.6,15.5,42.4,0.0,0.0,0.1,28.6,22.2,69.4,23.2,,,,,,,34,17,1724,19.2,0.05,0.16,0.21,0.0,0.05,0.16,0.0,0.26,0.17,0.07,0.25,0.73,0.84,4.7,1.72,0.73,7.26,12.37,105.5,19.89,0.04,0.37,0.47,0.26,0.05,11.43,0.78,0.21,0.05,0.47,0.1,0.0,0.0,0.0,0.0,0.84,0.37,0.31,0.21,0.31,0.57,0.21,1.04,1.2,0.05,1.46,0.68,0.0,0.1,0.31,0.1,0.31,24.64,1.36,0.42,1.31,13.47,0.47,3.76,1.36,17.07,1.2,0.0,0.0,0.0,1.41,0.0,0.0,0.0,0.0,0.0,0.0,0.0,0.0,0.0,0.0,0.0,1.51,0.0,1999,miguel
Álvaro Morata,es ESP,32.0,1992.0,it Serie A,"FW,MF",0.41,0.39,1.1,1.1,-0.8,,,,,75.4,11.3,37.0,0.19,0.5,0.15,62.5,35.3,41.2,41.2,,,,,,,16,13,1099,12.2,0.41,0.0,0.41,0.41,0.0,0.41,0.0,0.32,0.32,0.07,0.38,1.47,2.13,5.16,2.21,0.82,16.54,21.95,257.72,44.06,0.02,0.57,1.23,0.25,0.0,20.39,1.56,0.25,0.41,1.06,0.0,0.0,0.0,0.0,0.0,1.31,0.82,0.41,0.66,0.25,0.41,0.41,1.72,0.41,0.0,1.72,1.31,0.0,0.08,0.16,0.08,0.25,31.36,0.49,0.49,0.57,17.61,0.57,1.97,1.31,23.91,2.05,0.0,0.0,0.0,2.54,0.0,0.0,0.0,0.0,0.0,0.0,0.0,0.0,0.0,0.0,0.0,1.15,0.0,1992,alvaro morata
Yael Mouanga,fr FRA,19.0,2005.0,fr Ligue 1,DF,0.0,0.03,-0.1,-0.1,-0.2,,,,,87.7,5.4,0.0,0.0,,0.1,77.8,100.0,0.0,48.3,,,,,,,14,10,946,10.5,0.0,0.0,0.0,0.0,0.0,0.29,0.0,0.01,0.01,0.02,0.03,0.38,2.09,0.19,0.1,0.0,39.96,45.57,718.76,247.07,0.01,0.19,2.38,0.1,0.1,42.91,2.57,0.0,0.1,0.19,0.0,0.0,0.0,0.0,0.0,1.33,0.76,0.86,0.29,0.19,0.76,0.95,2.28,4.76,0.0,0.57,0.38,0.1,0.0,0.0,0.0,0.0,56.04,8.75,0.48,0.0,32.06,0.19,0.86,0.29,36.72,0.95,0.0,0.0,0.0,2.76,0.0,0.0,0.0,0.0,0.0,0.0,0.0,0.0,0.0,0.0,0.0,1.33,0.0,2005,yael mouanga
Obite N'Dicka,ci CIV,25.0,1999.0,it Serie A,DF,0.03,0.05,-1.0,-1.0,0.3,,,,,92.1,11.2,27.8,0.0,0.0,0.06,66.7,0.0,66.7,55.5,,,,,,,38,38,3420,38.0,0.0,0.03,0.03,0.0,0.0,0.05,0.0,0.03,0.03,0.02,0.05,0.76,2.82,0.13,0.47,0.13,60.39,65.58,1110.18,371.97,0.01,0.21,3.26,0.08,0.0,62.47,3.03,0.0,0.11,0.0,0.13,0.0,0.0,0.0,0.0,0.84,0.68,0.45,0.39,0.0,0.42,0.87,1.71,3.95,0.05,0.87,0.79,0.0,0.0,0.0,0.0,0.08,74.29,9.47,0.0,0.05,45.53,0.0,0.53,0.08,54.32,0.97,0.0,0.0,0.0,3.53,0.0,0.0,0.0,0.0,0.0,0.0,0.0,0.0,0.0,0.0,0.0,1.61,0.0,1999,obite ndicka
Kosta Nedeljković,rs SRB,19.0,2005.0,eng Premier League,DF,0.0,0.0,0.0,0.0,0.0,,,,,88.7,,,,,,66.7,50.0,50.0,0.0,,,,,,,15,6,605,6.699999999999999,0.0,0.0,0.0,0.0,0.0,0.15,0.0,0.07,0.07,0.04,0.1,1.64,3.27,4.02,0.6,0.0,35.85,43.29,602.18,184.02,0.09,0.45,2.08,1.34,0.3,34.96,8.03,0.0,0.0,2.68,7.74,0.0,0.0,0.0,0.0,2.68,1.93,0.89,1.34,0.45,0.45,0.3,2.98,2.53,0.0,0.89,0.89,0.0,0.0,0.0,0.0,0.0,51.92,2.98,0.3,0.45,21.87,0.15,0.74,0.15,30.05,1.04,0.0,0.0,0.0,2.23,0.0,0.0,0.0,0.0,0.0,0.0,0.0,0.0,0.0,0.0,0.0,0.0,0.0,2005,kosta nedeljkovic
Arnaud Nordin,fr FRA,26.0,1998.0,fr Ligue 1,FW,0.31,0.39,-0.1,0.5,0.1,,,,,69.9,18.2,42.3,0.12,0.27,0.1,52.4,45.1,45.1,38.7,,,,,,,22,14,1246,13.9,0.29,0.07,0.36,0.22,0.07,0.14,0.0,0.3,0.18,0.1,0.28,3.9,1.73,9.1,1.95,0.79,19.21,27.45,270.0,50.92,0.11,1.3,0.58,0.87,0.43,25.64,1.59,0.22,0.07,3.18,1.01,0.07,0.0,0.07,0.0,1.88,1.08,0.43,1.3,0.14,0.94,0.36,2.24,0.65,0.0,2.46,1.73,0.07,0.22,0.14,0.07,0.22,40.96,0.65,1.73,1.88,25.79,1.81,3.03,1.23,28.96,1.01,0.0,0.0,0.0,3.76,0.0,0.0,0.0,0.0,0.0,0.0,0.0,0.0,0.0,0.0,0.0,0.94,0.0,1998,arnaud nordin
Lucas Oliveira Rosa,br BRA,25.0,2000.0,es La Liga,DF,0.05,0.13,-0.9,-0.9,-1.0,,,,,76.5,18.3,37.5,0.0,0.0,0.11,68.6,45.2,41.9,64.3,,,,,,,21,21,1890,21.0,0.0,0.05,0.05,0.0,0.0,0.29,0.0,0.04,0.04,0.1,0.13,1.48,2.38,3.52,0.38,0.14,30.33,39.67,491.05,165.67,0.07,0.62,1.62,0.29,0.19,31.19,8.19,0.19,0.14,1.71,7.1,0.0,0.0,0.0,0.0,2.52,1.57,1.9,0.52,0.1,0.71,1.33,3.86,3.29,0.1,1.48,1.14,0.05,0.1,0.05,0.05,0.05,51.24,3.62,0.67,0.62,21.29,0.24,1.38,0.52,26.19,1.67,0.0,0.0,0.0,4.14,0.0,0.0,0.0,0.0,0.0,0.0,0.0,0.0,0.0,0.0,0.0,0.86,0.0,2000,lucas oliveira rosa
Frank Onyeka,ng NGA,27.0,1998.0,eng Premier League,MF,0.0,0.0,0.0,0.0,0.0,,,,,85.7,,,,,,,,,,,,,,,,33,30,2611,29.0,0.0,0.03,0.03,0.0,0.0,0.28,0.0,0.05,0.05,0.04,0.09,1.59,3.69,2.45,0.83,0.21,29.57,35.37,475.34,108.58,0.07,0.59,2.41,0.45,0.17,33.85,1.38,0.07,0.03,0.69,0.45,0.07,0.03,0.0,0.0,2.0,1.55,0.76,0.97,0.28,0.93,1.24,3.24,1.24,0.07,1.72,1.41,0.07,0.03,0.17,0.0,0.14,46.5,2.07,0.62,0.9,26.2,0.28,1.76,1.21,28.3,1.69,0.0,0.0,0.0,5.14,0.0,0.0,0.0,0.0,0.0,0.0,0.0,0.0,0.0,0.0,0.0,0.55,0.0,1998,frank onyeka
Christopher Operi,ci CIV,28.0,1997.0,fr Ligue 1,"DF,FW",0.15,0.19,-0.3,-0.3,-0.2,,,,,71.4,22.0,14.3,0.0,0.0,0.04,58.3,51.9,48.1,64.7,,,,,,,13,13,1169,13.0,0.0,0.15,0.15,0.0,0.0,0.15,0.08,0.02,0.02,0.17,0.19,2.16,4.0,5.0,0.54,0.08,41.04,57.51,725.54,262.69,0.25,1.85,2.77,1.54,1.0,42.11,15.24,0.08,0.46,9.85,8.62,2.69,1.54,0.92,0.0,1.0,0.69,0.46,0.15,0.38,1.08,1.08,2.08,2.31,0.0,2.77,1.39,1.0,0.08,0.15,0.0,0.23,67.6,3.16,1.08,1.0,32.18,0.23,1.08,0.85,38.57,0.69,0.0,0.0,0.0,3.93,0.0,0.0,0.0,0.0,0.0,0.0,0.0,0.0,0.0,0.0,0.15,0.85,0.0,1997,christopher operi
Gift Orban,ng NGA,22.0,2002.0,fr Ligue 1,"FW,DF",0.97,0.6,0.8,0.8,0.0,,,,,66.7,8.7,75.0,0.5,0.67,0.3,0.0,40.0,60.0,20.0,,,,,,,16,9,873,9.7,0.62,0.0,0.62,0.62,0.0,0.31,0.0,0.47,0.47,0.02,0.49,0.93,0.93,4.85,1.55,0.72,12.78,18.25,187.11,37.22,0.1,0.31,0.21,0.31,0.1,16.49,1.75,0.1,0.1,0.72,0.41,0.21,0.1,0.0,0.0,0.31,0.1,0.21,0.1,0.0,0.72,0.0,0.31,0.31,0.0,1.44,1.03,0.1,0.21,0.1,0.0,0.21,26.49,0.1,0.62,1.03,13.81,0.41,2.06,0.52,16.29,2.06,0.0,0.0,0.0,2.37,0.0,0.0,0.0,0.0,0.0,0.0,0.0,0.0,0.0,0.0,0.0,1.13,0.0,2002,gift orban
Peque,es ESP,22.0,2002.0,es La Liga,"MF,FW",0.16,0.29,-1.4,-1.4,-0.2,,,,,79.9,15.7,21.1,0.05,0.25,0.13,41.2,42.3,46.2,23.5,,,,,,,26,14,1134,12.6,0.08,0.08,0.16,0.08,0.0,0.08,0.0,0.19,0.19,0.1,0.29,1.11,2.78,3.49,1.51,0.32,22.14,27.7,328.41,67.62,0.07,0.95,1.98,0.48,0.08,26.11,1.59,0.32,0.0,0.79,0.0,0.32,0.16,0.0,0.0,1.27,0.4,0.32,0.79,0.16,1.27,0.63,1.9,0.4,0.0,2.54,1.9,0.0,0.0,0.24,0.0,0.24,38.57,0.24,0.87,0.95,21.11,0.08,1.83,2.06,27.46,1.75,0.0,0.08,0.0,3.25,0.0,0.0,0.0,0.0,0.0,0.0,0.0,0.0,0.0,0.0,0.0,0.63,0.0,2002,peque
Đorđe Petrović,rs SRB,25.0,1999.0,fr Ligue 1,GK,0.0,0.0,0.0,0.0,0.0,45.9,0.27,9.9,0.32,80.4,,,,,,,100.0,0.0,100.0,78.9,32.3,27.4,20.9,8.4,15.2,31,31,2790,31.0,0.0,0.0,0.0,0.0,0.0,0.06,0.0,0.0,0.0,0.0,0.0,0.03,0.03,0.0,0.0,0.0,40.13,49.9,909.81,565.61,0.0,0.0,0.71,0.03,0.0,44.23,5.61,0.0,0.03,0.0,0.0,0.0,0.0,0.0,0.0,0.03,0.03,0.03,0.0,0.0,0.0,0.0,0.03,0.77,0.03,0.06,0.06,0.0,0.0,0.0,0.0,0.0,53.13,33.55,0.03,0.0,35.29,0.0,0.0,0.0,35.81,0.0,0.0,0.0,0.0,1.87,1.23,4.74,3.55,0.23,0.03,0.0,46.39,4.1,15.84,1.32,0.0,0.13,1.52,1999,đorđe petrovic
Joel Pohjanpalo,fi FIN,30.0,1994.0,it Serie A,FW,0.17,0.51,-1.5,-1.3,-1.7,,,,,60.3,16.9,38.2,0.09,0.23,0.13,0.0,30.0,70.0,43.8,,,,,,,20,19,1603,17.8,0.34,0.0,0.34,0.17,0.17,0.06,0.0,0.42,0.24,0.1,0.34,0.51,1.63,4.04,1.91,0.73,11.85,19.65,168.71,41.38,0.06,0.84,1.4,0.39,0.0,17.69,1.8,0.17,0.06,0.17,0.0,0.0,0.0,0.0,0.0,0.17,0.17,0.06,0.11,0.0,0.17,0.22,0.39,1.35,0.0,1.85,1.4,0.0,0.0,0.17,0.0,0.17,27.57,1.35,0.17,0.39,13.98,0.22,1.29,0.62,19.26,0.67,0.06,0.0,0.0,1.12,0.0,0.0,0.0,0.0,0.0,0.0,0.0,0.0,0.0,0.0,0.0,2.58,0.0,1994,joel pohjanpalo
Ionuț Radu,ro ROU,27.0,1997.0,it Serie A,GK,0.0,0.0,0.0,0.0,0.0,19.0,0.26,1.0,0.07,57.9,,,,,,,100.0,0.0,100.0,76.9,26.7,40.2,47.6,6.0,9.1,15,15,1350,15.0,0.0,0.0,0.0,0.0,0.0,0.07,0.0,0.0,0.0,0.0,0.0,0.0,0.0,0.0,0.0,0.0,21.07,36.4,614.87,489.0,0.0,0.0,0.87,0.0,0.0,28.6,7.6,0.0,0.0,0.0,0.0,0.0,0.0,0.0,0.0,0.0,0.0,0.0,0.0,0.0,0.0,0.0,0.0,0.6,0.0,0.47,0.33,0.13,0.0,0.0,0.0,0.07,39.13,33.33,0.07,0.0,24.47,0.0,0.07,0.0,20.07,0.0,0.0,0.0,0.0,1.33,1.2,4.33,3.13,0.2,0.0,0.0,31.2,4.07,14.4,0.87,0.0,0.07,0.2,1997,ionut radu
Raúl,es ESP,24.0,2000.0,es La Liga,"FW,MF",0.48,0.5,0.5,0.5,-0.7,,,,,69.0,14.4,48.0,0.16,0.33,0.14,50.0,55.0,40.0,47.6,,,,,,,32,5,750,8.3,0.48,0.0,0.48,0.48,0.0,0.12,0.0,0.42,0.42,0.08,0.49,1.2,1.92,5.88,3.0,1.44,13.92,20.16,181.2,26.28,0.05,0.36,1.32,0.12,0.0,18.48,1.44,0.0,0.12,0.72,0.12,0.0,0.0,0.0,0.0,1.56,0.96,0.36,0.72,0.48,0.48,0.0,1.56,0.72,0.0,1.92,0.6,0.0,0.48,0.48,0.0,0.24,31.92,0.96,1.32,0.96,18.36,0.48,2.88,1.56,23.52,1.32,0.0,0.0,0.0,1.68,0.0,0.0,0.0,0.0,0.0,0.0,0.0,0.0,0.0,0.0,0.0,2.4,0.0,2000,raul
Rayan Raveloson,mg MAD,28.0,1997.0,fr Ligue 1,"MF,DF",0.12,0.12,0.2,0.2,-0.2,,,,,86.6,21.6,31.3,0.06,0.2,0.05,33.3,53.8,38.5,47.1,,,,,,,13,7,724,8.0,0.12,0.0,0.12,0.12,0.0,0.37,0.0,0.1,0.1,0.02,0.12,0.62,3.85,1.49,1.99,0.62,33.69,38.91,624.16,165.83,0.04,0.37,2.36,0.75,0.0,36.05,2.86,0.12,0.75,0.99,0.25,0.5,0.12,0.37,0.0,0.75,0.62,0.25,0.5,0.0,0.12,0.62,1.37,2.73,0.0,2.11,1.49,0.25,0.0,0.12,0.0,0.0,49.85,3.73,0.87,0.62,26.85,0.12,1.37,1.37,29.83,1.12,0.0,0.0,0.0,5.47,0.0,0.0,0.0,0.0,0.0,0.0,0.0,0.0,0.0,0.0,0.12,0.99,0.0,1997,rayan raveloson
Mads Roerslev,dk DEN,25.0,1999.0,eng Premier League,DF,0.16,0.26,-0.2,-0.2,-1.0,,,,,78.7,20.8,40.0,0.0,0.0,0.04,39.3,36.8,42.1,41.7,,,,,,,26,13,1399,15.5,0.0,0.13,0.13,0.0,0.0,0.13,0.0,0.01,0.01,0.19,0.21,1.54,4.12,4.63,0.32,0.13,36.54,45.68,608.96,192.93,0.15,0.96,3.09,0.77,0.32,39.82,5.73,0.0,0.06,2.44,5.47,0.0,0.0,0.0,0.0,1.8,1.09,1.42,0.26,0.13,0.45,0.58,2.38,3.28,0.0,1.74,1.48,0.0,0.06,0.13,0.0,0.26,55.33,4.25,0.58,0.77,29.21,0.06,0.71,0.77,34.48,0.51,0.0,0.0,0.0,3.02,0.0,0.0,0.0,0.0,0.0,0.0,0.0,0.0,0.0,0.0,0.0,0.77,0.0,1999,mads roerslev
Vitor Roque,br BRA,20.0,2005.0,es La Liga,FW,0.29,0.53,-2.1,-2.1,-1.2,,,,,72.8,14.5,43.9,0.1,0.22,0.15,20.0,25.6,64.1,34.1,,,,,,,22,14,1235,13.7,0.29,0.0,0.29,0.29,0.0,0.29,0.0,0.44,0.44,0.09,0.53,1.75,1.24,4.15,2.99,1.31,10.35,14.21,144.73,32.87,0.05,0.87,0.29,0.73,0.22,11.88,2.33,0.07,0.0,0.44,0.07,0.07,0.0,0.0,0.0,0.8,0.44,0.07,0.44,0.29,0.36,0.51,1.31,0.29,0.0,2.48,1.38,0.0,0.36,0.36,0.0,0.29,26.6,0.22,0.73,1.82,15.52,1.17,2.99,2.55,17.42,2.19,0.15,0.0,0.0,2.55,0.0,0.0,0.0,0.0,0.0,0.0,0.0,0.0,0.0,0.0,0.0,1.09,0.0,2005,vitor roque
Emmanuel Sabbi,us USA,27.0,1997.0,fr Ligue 1,"FW,MF",0.0,0.35,-1.9,-1.9,-0.6,,,,,71.1,12.5,26.7,0.0,0.0,0.13,62.5,37.9,44.8,40.9,,,,,,,15,7,653,7.3,0.0,0.0,0.0,0.0,0.0,0.14,0.0,0.26,0.26,0.08,0.34,1.52,2.07,5.38,2.07,0.55,12.54,17.64,196.26,56.37,0.04,0.55,0.69,0.69,0.14,16.68,0.96,0.14,0.0,2.07,0.14,0.14,0.0,0.0,0.0,1.93,0.96,0.96,0.55,0.41,0.28,0.41,2.34,0.55,0.0,2.76,1.38,0.0,0.55,0.41,0.14,0.28,31.7,0.41,1.52,1.79,17.92,0.41,2.76,1.38,20.54,1.52,0.0,0.0,0.0,3.58,0.0,0.0,0.0,0.0,0.0,0.0,0.0,0.0,0.0,0.0,0.0,1.24,0.0,1997,emmanuel sabbi
Yoann Salmier,gf GUF,32.0,1992.0,fr Ligue 1,DF,0.0,0.12,-0.8,-0.8,-0.2,,,,,81.8,9.8,40.0,0.0,0.0,0.17,76.9,80.0,20.0,64.5,,,,,,,13,9,797,8.9,0.0,0.0,0.0,0.0,0.0,0.34,0.0,0.09,0.09,0.02,0.12,0.79,2.71,0.11,0.56,0.23,31.96,39.07,631.92,225.51,0.02,0.23,2.26,0.11,0.0,35.12,3.95,0.11,0.45,0.11,2.03,0.0,0.0,0.0,0.0,1.58,0.79,1.02,0.45,0.11,0.45,1.13,2.71,6.66,0.0,0.34,0.34,0.0,0.0,0.0,0.0,0.11,52.17,8.36,0.45,0.11,23.15,0.0,0.45,0.0,26.65,0.9,0.0,0.11,0.0,2.48,0.0,0.0,0.0,0.0,0.0,0.0,0.0,0.0,0.0,0.0,0.0,2.26,0.0,1992,yoann salmier
Chuky san jose,es ESP,21.0,2004.0,es La Liga,MF,0.25,0.42,-0.2,-0.2,-1.2,,,,,68.7,19.3,43.8,0.13,0.29,0.14,22.2,44.4,55.6,16.7,,,,,,,18,9,728,8.1,0.25,0.0,0.25,0.25,0.0,0.12,0.0,0.27,0.27,0.15,0.42,0.74,1.85,3.34,1.98,0.87,13.85,20.15,234.52,65.52,0.19,0.99,1.24,0.62,0.37,17.68,2.35,0.0,0.12,2.97,0.0,1.11,0.87,0.25,0.0,0.99,0.25,0.37,0.37,0.25,0.37,0.0,0.99,0.49,0.0,1.85,1.11,0.37,0.12,0.25,0.0,0.25,28.68,0.62,0.49,0.62,13.23,0.12,1.73,0.62,17.93,0.37,0.0,0.0,0.0,2.47,0.0,0.0,0.0,0.0,0.0,0.0,0.0,0.0,0.0,0.0,0.0,0.25,0.0,2004,chuky san jose
Sergi,es ESP,33.0,1992.0,es La Liga,DF,0.06,0.06,0.5,0.5,-0.4,,,,,83.7,10.0,38.5,0.15,0.4,0.11,56.3,80.0,0.0,52.1,,,,,,,36,33,2957,32.9,0.06,0.0,0.06,0.06,0.0,0.06,0.03,0.05,0.05,0.01,0.06,0.09,2.34,0.06,0.4,0.15,38.68,46.2,767.3,299.01,0.02,0.15,1.8,0.15,0.0,44.35,1.64,0.0,0.21,0.03,0.03,0.0,0.0,0.0,0.0,1.22,0.88,0.67,0.49,0.06,0.27,1.19,2.4,5.63,0.06,0.37,0.33,0.0,0.0,0.03,0.0,0.09,57.07,7.4,0.12,0.0,29.74,0.0,0.21,0.06,36.49,0.91,0.03,0.03,0.03,2.43,0.0,0.0,0.0,0.0,0.0,0.0,0.0,0.0,0.0,0.0,0.0,1.92,0.0,1992,sergi
Rui Silva,pt POR,31.0,1994.0,es La Liga,GK,0.0,0.01,0.0,0.0,-0.1,18.4,0.3,1.4,0.1,78.6,,,,,,0.0,,,100.0,72.2,26.7,30.8,26.0,5.2,18.9,15,15,1350,15.0,0.0,0.0,0.0,0.0,0.0,0.07,0.0,0.0,0.0,0.01,0.01,0.0,0.0,0.0,0.0,0.0,27.47,34.93,685.53,413.07,0.0,0.13,0.33,0.0,0.0,26.93,7.87,0.0,0.0,0.0,0.0,0.0,0.0,0.0,0.0,0.0,0.0,0.0,0.0,0.0,0.07,0.0,0.0,0.47,0.0,0.33,0.33,0.0,0.0,0.0,0.0,0.0,36.87,27.47,0.0,0.0,22.27,0.0,0.07,0.0,18.47,0.07,0.0,0.07,0.0,1.67,1.2,3.6,2.47,0.2,0.0,0.0,29.73,4.67,12.93,0.67,0.0,0.13,2.07,1994,rui silva
Leo Skiri Østigård,no NOR,25.0,1999.0,fr Ligue 1,DF,0.07,0.07,0.3,0.3,-0.2,,,,,84.8,8.8,33.3,0.17,0.5,0.11,68.2,50.0,50.0,70.1,,,,,,,27,25,2154,23.9,0.04,0.0,0.04,0.04,0.0,0.17,0.04,0.04,0.04,0.01,0.05,0.13,4.22,0.08,0.46,0.08,48.47,57.41,908.73,353.06,0.02,0.21,3.34,0.13,0.04,55.07,2.3,0.0,0.21,0.08,0.04,0.0,0.0,0.0,0.0,1.21,1.04,0.88,0.33,0.0,0.42,1.0,2.21,8.02,0.04,0.71,0.67,0.0,0.0,0.0,0.0,0.0,70.82,9.57,0.13,0.08,34.85,0.0,0.33,0.08,40.45,1.55,0.0,0.04,0.04,3.97,0.0,0.0,0.0,0.0,0.0,0.0,0.0,0.0,0.0,0.0,0.0,4.47,0.0,1999,leo skiri østigard
Łukasz Skorupski,pl POL,34.0,1991.0,it Serie A,GK,0.0,0.0,0.0,0.0,0.0,28.7,0.34,-2.3,-0.09,78.0,,,,,,33.3,100.0,0.0,66.7,61.0,29.6,31.6,27.9,8.4,13.0,27,27,2364,26.3,0.0,0.0,0.0,0.0,0.0,0.04,0.0,0.0,0.0,0.0,0.0,0.0,0.0,0.0,0.0,0.0,32.82,42.07,878.6,557.97,0.0,0.0,0.65,0.0,0.0,35.71,6.17,0.0,0.0,0.0,0.0,0.0,0.0,0.0,0.0,0.04,0.0,0.04,0.0,0.0,0.0,0.0,0.04,0.49,0.08,0.15,0.15,0.0,0.0,0.0,0.0,0.0,43.97,33.12,0.04,0.0,29.62,0.0,0.0,0.0,28.55,0.04,0.0,0.04,0.0,1.79,1.26,3.12,1.9,0.04,0.04,0.0,38.26,4.3,8.19,0.69,0.0,0.08,0.88,1991,łukasz skorupski
Stoichkov,es ESP,31.0,1993.0,es La Liga,"MF,FW",0.13,0.3,-1.1,-1.1,-0.2,,,,,61.7,19.8,16.7,0.0,0.0,0.06,54.5,33.3,50.0,25.0,,,,,,,16,6,699,7.8,0.0,0.13,0.13,0.0,0.0,0.13,0.0,0.14,0.14,0.15,0.3,1.16,3.35,5.28,2.32,0.39,17.0,27.55,278.24,89.74,0.09,0.9,2.06,1.29,0.13,26.27,1.16,0.77,0.13,1.67,0.0,0.0,0.0,0.0,0.0,1.8,1.16,0.77,0.9,0.13,0.26,0.13,1.93,0.9,0.0,3.61,2.19,0.0,0.26,0.52,0.26,0.26,39.14,0.77,0.77,1.16,23.05,0.39,2.58,0.9,24.98,1.16,0.0,0.0,0.0,5.67,0.0,0.0,0.0,0.0,0.0,0.0,0.0,0.0,0.0,0.0,0.13,0.64,0.0,1993,stoichkov
Musa Al-Taamari,jo JOR,27.0,1997.0,fr Ligue 1,"FW,MF",0.24,0.33,-0.6,-0.6,-0.5,,,,,77.3,17.7,40.7,0.07,0.18,0.09,53.3,32.4,56.3,44.4,,,,,,,26,19,1683,18.7,0.16,0.05,0.21,0.16,0.0,0.21,0.0,0.27,0.27,0.15,0.42,4.06,2.03,6.15,2.19,0.75,18.34,23.32,257.11,47.86,0.13,1.18,0.91,0.8,0.05,21.76,1.5,0.05,0.05,1.07,0.7,0.05,0.0,0.0,0.0,0.96,0.59,0.27,0.32,0.37,0.37,0.27,1.23,0.27,0.11,3.05,1.98,0.0,0.37,0.37,0.05,0.32,36.15,0.16,1.6,2.62,22.99,1.82,3.69,1.44,26.15,0.59,0.11,0.0,0.0,3.53,0.0,0.0,0.0,0.0,0.0,0.0,0.0,0.0,0.0,0.0,0.05,0.53,0.0,1997,musa altaamari
Oussama Targhalline,ma MAR,23.0,2002.0,fr Ligue 1,MF,0.0,0.08,-0.1,-0.1,-0.7,,,,,79.6,24.7,0.0,0.0,,0.03,41.7,38.5,53.8,57.1,,,,,,,14,12,990,11.0,0.0,0.0,0.0,0.0,0.0,0.0,0.0,0.01,0.01,0.06,0.08,2.27,6.0,3.09,0.45,0.0,31.64,39.73,525.64,155.82,0.11,0.55,4.55,1.18,0.18,38.09,1.18,0.45,0.45,1.45,0.18,0.18,0.0,0.0,0.0,1.73,1.27,1.09,0.27,0.36,0.64,1.73,3.45,1.27,0.18,1.82,1.64,0.09,0.0,0.0,0.09,0.18,50.09,2.27,0.45,0.64,30.0,0.09,1.55,1.91,35.0,1.0,0.0,0.0,0.0,3.91,0.0,0.0,0.0,0.0,0.0,0.0,0.0,0.0,0.0,0.0,0.0,0.73,0.0,2002,oussama targhalline
Souleymane Touré,fr FRA,22.0,2003.0,it Serie A,DF,0.12,0.05,0.6,0.6,0.0,,,,,91.7,7.0,50.0,0.25,0.5,0.09,80.0,50.0,40.0,58.3,,,,,,,12,11,733,8.1,0.12,0.0,0.12,0.12,0.0,0.25,0.25,0.05,0.05,0.0,0.05,0.74,3.19,0.37,0.49,0.25,58.2,63.48,1031.75,265.09,0.02,0.25,4.17,0.49,0.12,61.15,2.33,0.0,0.25,0.74,0.12,0.0,0.0,0.0,0.0,0.86,0.74,0.49,0.37,0.0,1.11,1.11,1.96,2.09,0.12,0.98,0.74,0.0,0.0,0.0,0.12,0.0,71.83,7.0,0.61,0.49,46.41,0.12,0.86,0.0,52.06,1.84,0.0,0.0,0.12,2.82,0.0,0.0,0.0,0.0,0.0,0.0,0.0,0.0,0.0,0.0,0.0,0.86,0.0,2003,souleymane toure
Siebe Van Der Heyden,be BEL,26.0,1998.0,es La Liga,"DF,MF",0.0,0.1,0.0,0.0,-0.1,,,,,89.0,11.4,0.0,0.0,,0.03,,33.3,33.3,66.7,,,,,,,15,12,969,10.799999999999999,0.09,0.0,0.09,0.09,0.0,0.37,0.09,0.16,0.16,0.01,0.18,1.02,3.07,2.51,0.37,0.19,41.89,52.01,733.37,236.66,0.03,0.28,3.99,0.65,0.37,47.37,4.37,0.0,0.19,1.86,2.51,0.0,0.0,0.0,0.0,1.67,1.02,0.93,0.74,0.0,0.46,1.76,3.44,4.27,0.19,0.93,0.74,0.0,0.0,0.0,0.19,0.0,63.62,5.48,0.19,0.46,29.91,0.0,0.28,0.56,39.66,1.67,0.0,0.19,0.0,3.44,0.0,0.0,0.0,0.0,0.0,0.0,0.0,0.0,0.0,0.0,0.0,3.07,0.0,1998,siebe van der heyden
José Luis García Vayá,es ESP,26.0,1998.0,es La Liga,MF,0.1,0.22,-0.1,-0.5,-0.1,,,,,78.4,25.8,33.3,0.0,0.0,0.04,57.6,61.5,23.1,52.3,,,,,,,34,18,1742,19.4,0.1,0.1,0.21,0.0,0.1,0.41,0.05,0.11,0.03,0.11,0.13,0.67,7.34,0.98,0.62,0.21,50.11,63.91,946.81,321.2,0.13,1.65,8.42,0.31,0.15,56.11,7.39,0.21,1.29,5.63,0.0,3.72,1.14,1.86,0.15,2.22,1.29,1.24,0.67,0.31,0.88,0.98,3.2,2.17,0.0,2.74,1.5,1.08,0.05,0.05,0.0,0.15,72.64,3.15,0.41,0.15,33.32,0.05,0.83,0.57,44.28,1.34,0.0,0.0,0.0,5.11,0.0,0.0,0.0,0.0,0.0,0.0,0.0,0.0,0.0,0.0,0.05,1.19,0.0,1998,jose luis garcia vaya
Renato Veiga,pt POR,21.0,2003.0,eng Premier League,"DF,MF",0.0,0.07,-0.1,-0.1,0.0,,,,,84.9,17.1,33.3,0.0,0.0,0.05,33.3,60.0,40.0,50.0,,,,,,,20,13,1274,14.1,0.0,0.07,0.07,0.0,0.0,0.28,0.0,0.08,0.08,0.01,0.08,0.92,3.32,0.21,1.06,0.42,43.66,49.95,860.93,279.75,0.03,0.14,2.9,0.21,0.0,46.41,3.53,0.07,0.28,0.0,0.49,0.0,0.0,0.0,0.0,1.84,1.27,0.92,0.85,0.07,0.42,1.41,3.25,5.86,0.0,0.71,0.64,0.0,0.0,0.0,0.0,0.07,63.16,9.32,0.28,0.14,33.41,0.07,0.21,0.0,37.65,1.06,0.0,0.0,0.0,3.32,0.0,0.0,0.0,0.0,0.0,0.0,0.0,0.0,0.0,0.0,0.07,2.12,0.0,2003,renato veiga
Yorbe Vertessen,be BEL,24.0,2001.0,de Bundesliga,"MF,FW",0.13,0.36,-0.3,-0.3,-1.6,,,,,66.2,20.5,18.5,0.04,0.2,0.05,25.0,37.3,52.9,35.3,,,,,,,17,7,718,8.0,0.13,0.0,0.13,0.13,0.0,0.25,0.0,0.16,0.16,0.2,0.36,2.26,2.01,5.26,3.38,0.63,16.67,25.19,248.06,71.07,0.23,1.88,0.75,1.75,0.25,22.19,3.01,0.13,0.0,2.88,0.13,1.75,0.88,0.25,0.0,0.75,0.38,0.38,0.25,0.13,0.75,0.38,1.13,0.75,0.0,4.01,2.13,0.75,0.75,0.38,0.0,0.0,42.87,0.63,2.38,3.38,24.32,0.5,3.51,2.13,28.45,1.75,0.0,0.0,0.0,4.01,0.0,0.0,0.0,0.0,0.0,0.0,0.0,0.0,0.0,0.0,0.0,0.75,0.0,2001,yorbe vertessen
Viti,es ESP,27.0,1997.0,es La Liga,DF,0.09,0.06,-0.1,-0.1,0.6,,,,,81.0,25.7,66.7,0.0,0.0,0.02,68.9,45.0,35.0,48.6,,,,,,,29,23,1982,22.0,0.0,0.09,0.09,0.0,0.0,0.23,0.0,0.0,0.0,0.06,0.06,1.95,2.0,2.95,0.14,0.09,34.37,42.41,559.71,195.08,0.06,0.54,1.82,0.59,0.36,32.79,9.49,0.05,0.14,2.04,8.76,0.0,0.0,0.0,0.0,3.22,2.09,1.95,0.95,0.32,0.95,1.23,4.45,2.77,0.0,1.32,1.04,0.14,0.09,0.05,0.0,0.14,53.85,2.82,0.41,0.32,22.3,0.18,1.27,0.27,25.38,1.27,0.0,0.0,0.0,3.86,0.0,0.0,0.0,0.0,0.0,0.0,0.0,0.0,0.0,0.0,0.0,0.82,0.0,1997,viti
Elye Wahi,fr FRA,22.0,2003.0,fr Ligue 1,FW,0.47,1.0,-3.0,-3.2,0.6,,,,,79.3,12.1,56.3,0.13,0.22,0.33,0.0,20.0,80.0,23.5,,,,,,,21,8,770,8.600000000000001,0.35,0.12,0.47,0.23,0.12,0.23,0.0,0.85,0.76,0.06,0.82,1.52,1.4,7.01,2.92,1.29,13.44,17.88,174.74,30.04,0.06,0.82,1.05,0.35,0.12,16.71,1.05,0.0,0.12,0.82,0.0,0.0,0.0,0.0,0.0,0.0,0.0,0.0,0.0,0.0,0.23,0.12,0.12,0.12,0.0,2.34,1.64,0.0,0.35,0.0,0.0,0.47,26.53,0.12,0.94,1.05,17.06,1.05,2.57,1.87,20.81,2.22,0.0,0.0,0.0,1.87,0.0,0.0,0.0,0.0,0.0,0.0,0.0,0.0,0.0,0.0,0.0,0.7,0.0,2003,elye wahi
Kyle Walker,eng ENG,34.0,1990.0,eng Premier League,DF,0.0,0.05,-0.1,-0.1,-0.4,,,,,87.7,27.7,40.0,0.0,0.0,0.03,53.8,50.0,33.3,56.3,,,,,,,26,16,1629,18.1,0.0,0.0,0.0,0.0,0.0,0.22,0.0,0.01,0.01,0.07,0.09,1.27,5.3,1.66,0.39,0.11,60.44,68.95,1012.15,321.93,0.1,0.72,4.92,0.5,0.22,60.72,8.23,0.11,0.5,1.38,6.63,0.0,0.0,0.0,0.0,1.88,1.05,1.05,0.61,0.22,0.72,0.66,2.54,1.55,0.11,1.49,1.44,0.06,0.0,0.0,0.0,0.0,76.46,3.26,0.44,0.22,44.7,0.11,0.83,0.33,52.65,0.72,0.0,0.0,0.0,4.59,0.0,0.0,0.0,0.0,0.0,0.0,0.0,0.0,0.0,0.0,0.0,0.83,0.0,1990,kyle walker
Andre-Frank Zambo Anguissa,cm CMR,29.0,1995.0,it Serie A,MF,0.32,0.22,1.6,1.6,1.6,,,,,84.5,16.7,27.3,0.14,0.5,0.1,44.1,53.2,38.3,57.3,,,,,,,35,32,2852,31.7,0.19,0.13,0.32,0.19,0.0,0.16,0.0,0.14,0.14,0.08,0.21,0.76,4.54,3.76,1.39,0.38,40.23,47.62,608.7,156.52,0.08,0.82,4.04,0.66,0.06,46.7,0.92,0.03,0.19,0.73,0.35,0.0,0.0,0.0,0.0,1.33,0.82,0.25,0.88,0.19,0.57,1.1,2.43,1.26,0.03,2.37,1.92,0.0,0.16,0.03,0.13,0.28,57.59,1.86,0.79,0.57,28.87,0.25,1.51,1.1,41.81,1.23,0.03,0.03,0.0,4.73,0.0,0.0,0.0,0.0,0.0,0.0,0.0,0.0,0.0,0.0,0.0,2.11,0.0,1995,andrefrank zambo anguissa
Milan Đurić,ba BIH,35.0,1990.0,it Serie A,FW,0.35,0.28,1.1,1.1,-0.1,,,,,49.2,11.7,43.5,0.17,0.4,0.13,0.0,66.7,33.3,72.5,,,,,,,27,16,1538,17.1,0.29,0.06,0.35,0.29,0.0,0.23,0.0,0.19,0.19,0.06,0.25,0.12,1.64,2.11,1.64,0.64,9.71,20.48,114.34,34.88,0.02,0.29,1.11,0.29,0.0,20.07,0.41,0.0,0.12,0.0,0.0,0.0,0.0,0.0,0.0,0.06,0.06,0.0,0.06,0.0,0.53,0.12,0.18,1.11,0.0,0.7,0.41,0.0,0.06,0.12,0.0,0.12,27.04,1.17,0.35,0.12,11.12,0.06,0.99,0.94,21.77,1.11,0.0,0.0,0.0,1.23,0.0,0.0,0.0,0.0,0.0,0.0,0.0,0.0,0.0,0.0,0.0,9.77,0.0,1990,milan đuric
